82896,R13-B12-N05
82897,R13-B12-N05
82898,R13-B12-N05
82899,R13-B12-N05
82900,R13-B12-N05
82901,R18-B04-N03
82902,R18-B04-N03
82903,R18-B04-N03
82904,R18-B04-N03
82905,R18-B04-N03
82906,R17-B07-N04
82907,R17-B07-N04
82908,R17-B07-N04
82909,R17-B07-N04
82910,R17-B07-N04
82911,R24-B12-N01
82912,R24-B12-N01
82913,R24-B12-N01
82914,R24-B12-N01
82915,R24-B12-N01
82916,R19-B08-F02
82917,R19-B08-F02
82918,R19-B08-F02
82919,R19-B08-F02
82920,R13-B12-N3
82921,R13-B12-N3
82922,R13-B12-N04
82923,R13-B12-N3
82924,R13-B12-N04
82925,R12-B01-N03
82926,R12-B01-N03
82927,R12-B01-N03
82928,R12-B01-N03
82929,R12-B01-N03
82930,R09-B10-N02
82931,R09-B10-N02
82932,R09-B10-N02
82933,R09-B10-N02
82934,R09-B10-N02
82935,R12-B01-N03
82936,R12-B01-N03
82937,R12-B01-N03
82938,R12-B01-N03
82939,R12-B01-N03
82940,R15-B06-N04
82941,R15-B01-N05
82942,R15-B02-N05
82943,R15-B6-N5
82944,R15-B3-N4
82945,R15-B02-N05
82946,R15-B05-N01
82947,ULT-IMA-S
82948,R15-B6-N4
82949,R15-B8-N3
82950,R15-B6-N4
82951,R15-B06-N04
82952,R15-B8-N2
82953,R15-B8-N2
82954,R15-B03-N02
82955,R15-B06-N04
82956,R15-B8-N2
82957,R15-B03-N02
82958,R15-B6-N5
82959,R15-B06-N04
82960,R15-B03-N05
82961,R15-B02-N05
82962,R15-B3-N1
82963,R15-B06-N04
82964,R15-B8-N3
82965,R15-B6-N4
82966,R15-B8-N2
82967,R15-B06-N04
82968,R15-B6-N5
82969,R15-B6-N5
82970,R15-B8-N2
82971,R15-B8-N2
82972,R15-B8-N2
82973,R12-B11-N3
82974,R12-B11-N3
82975,R12-B11-N3
82976,R12-B11-N3
82977,R12-B11-N3
82978,R12-B08-N04
82979,R12-B08-N04
82980,R12-B08-N04
82981,R12-B08-N04
82982,R12-B08-N04
82983,R17-B07-N03
82984,R17-B07-N03
82985,R17-B07-N03
82986,R17-B07-N03
82987,R17-B07-N03
82988,R15-B06-N03
82989,R15-B06-N03
82990,R15-B06-N04
82991,R15-B6-N5
82992,R15-B06-N03
82993,R15-B06-N03
82994,R15-B02-N05
82995,R15-B02-N05
82996,R15-B8-N1
82997,R15-B06-N03
82998,R15-B06-N03
82999,R15-B3-N1
83008,R19-B12-N1
83009,R19-B12-N1
83010,R19-B12-N1
83011,R19-B12-N1
83016,R15-B02-N05
83017,R15-B2-N2
83018,R15-B02-N05
83019,R15-B02-N05
83020,R15-B3-N1
83021,R15-B2-N1
83022,R12-B01-N05
83023,R12-B01-N05
83024,R12-B01-N05
83025,R12-B01-N05
83026,R12-B01-N05
83027,R12-B7-N1
83028,R12-B7-N1
83029,R12-B7-N1
83030,R12-B7-N1
83031,R12-B7-N1
83032,R15-B6-N5
83033,R15-B02-N05
83034,R15-B02-N05
83035,R24-B12-N06
83036,R24-B12-N06
83037,R24-B12-N06
83038,R24-B12-N06
83039,R24-B12-N06
83040,R15-B1-N1
83041,ULT-IMA-S
83042,R15-B1-N1
83043,R15-B1-N3
83044,R15-B1-N3
83045,R15-B01-N02
83046,ULT-IMA-S
83047,R15-B01-N02
83048,R15-B01-N02
83049,R15-B01-N01
83050,R03-B01-N01
83051,R03-B01-N01
83052,R03-B01-N01
83053,R03-B01-N01
83054,R19-B08-F05
83055,R19-B08-F05
83056,R19-B08-F05
83057,R19-B08-F05
83058,R19-B08-F01
83059,R19-B08-F06
83060,R19-B08-F06
83061,R19-B08-F06
83062,R08-B02-N02
83063,R08-B02-N02
83064,R08-B02-N02
83065,R08-B02-N02
83066,R08-B02-N02
83067,R06-B09-N05
83068,R06-B09-N05
83069,R06-B09-N05
83070,R06-B09-N05
83071,R06-B09-N05
83072,R13-B12-N4
83073,R13-B12-N4
83074,R13-B12-N03
83075,R13-B12-N4
83076,R13-B12-N4
83077,R24-B09-N03
83078,R24-B09-N03
83079,R24-B09-N03
83080,R24-B09-N03
83081,R24-B09-N03
83082,R24-B09-N03
83083,R19-B07-N01
83084,R19-B07-N01
83085,R19-B07-N01
83086,R19-B07-N01
83087,R19-B6-N4
83088,R19-B6-N4
83089,R19-B6-N4
83090,R19-B6-N4
83091,R19-B6-N3
83092,R19-B6-N3
83093,R19-B6-N3
83094,R19-B6-N2
83095,R19-B6-N3
83096,R19-B6-N3
83097,R19-B6-N3
83098,R19-B6-N3
83099,R19-B6-N4
83100,R19-B6-N4
83101,R19-B6-N4
83102,R19-B6-N4
83103,R19-B6-N3
83104,R19-B6-N3
83105,R19-B6-N3
83106,R19-B6-N1
83107,R15-B3-N5
83108,R15-B3-N5
83109,R15-B3-N5
83110,R15-B3-N5
83111,R15-B3-N5
83112,R15-B3-N5
83113,R15-B8-N3
83114,R15-B8-N3
83115,R15-B03-N05
83116,R15-B3-N5
83117,R15-B3-N5
83118,R19-B6-N4
83119,R19-B6-N4
83120,R19-B6-N4
83121,R19-B6-N4
83122,R17-B4-N1
83123,R17-B4-N1
83124,R17-B4-N1
83125,R17-B4-N1
83126,R17-B4-N1
83135,R21-B10-N3
83136,R21-B10-N3
83137,R21-B10-N3
83138,R21-B10-N3
83155,R06-B11-N02
83156,R06-B11-N02
83157,R06-B11-N02
83158,R06-B11-N02
83159,R17-B08-N03
83160,R17-B08-N03
83161,R17-B08-N03
83162,R17-B08-N03
83163,R17-B08-N03
83164,R09-B06-N1
83165,R09-B06-N1
83166,R09-B06-N1
83167,R09-B06-N1
83168,R09-B06-N1
83169,R12-B04-N04
83170,R12-B04-N04
83171,R12-B04-N04
83172,R12-B04-N04
83173,R12-B04-N04
83174,R12-B01-N01
83175,R12-B01-N01
83176,R12-B01-N01
83177,R12-B01-N01
83178,R12-B01-N01
83179,R08-B01-N03
83180,R08-B01-N03
83181,R08-B01-N03
83182,R08-B01-N03
83183,R08-B01-N03
83184,R12-B10-N3
83185,R12-B10-N3
83186,R12-B10-N3
83187,R12-B10-N3
83188,R12-B10-N3
83189,R08-B09-N01
83190,R08-B09-N01
83191,R08-B09-N01
83192,R08-B09-N01
83193,R08-B09-N01
83194,R08-B10-N01
83195,R08-B10-N01
83196,R08-B10-N01
83197,R08-B10-N01
83198,R08-B10-N01
83199,R08-B11-N03
83200,R08-B11-N03
83201,R08-B11-N03
83202,R08-B11-N03
83203,R08-B11-N03
83204,R08-B09-N01
83205,R08-B09-N01
83206,R08-B09-N01
83207,R08-B09-N01
83208,R08-B09-N01
83209,R08-B03-N04
83210,R08-B03-N04
83211,R08-B03-N04
83212,R08-B03-N04
83213,R08-B03-N04
83214,R06-B05-N01
83215,R06-B05-N01
83216,R06-B05-N01
83217,R06-B05-N01
83218,R06-B05-N01
83219,R06-B11-N03
83220,R06-B11-N03
83221,R06-B11-N03
83222,R06-B11-N03
83223,R06-B11-N03
83224,R06-B08-N05
83225,R06-B08-N05
83226,R06-B08-N05
83227,R06-B08-N05
83228,R06-B08-N05
83229,R17-B05-N02
83230,R17-B05-N02
83231,R17-B05-N02
83232,R17-B05-N02
83233,R17-B05-N02
83234,R06-B12-N03
83235,R06-B12-N03
83236,R06-B12-N03
83237,R06-B12-N03
83238,R06-B12-N03
83239,R06-B07-N05
83240,R06-B07-N05
83241,R06-B07-N05
83242,R06-B07-N05
83243,R06-B07-N05
83244,R06-B07-N05
83245,R06-B07-N05
83246,R06-B07-N05
83247,R06-B07-N05
83248,R06-B07-N05
83249,R12-B02-N02
83250,R12-B02-N02
83251,R12-B02-N02
83252,R12-B02-N02
83253,R12-B02-N02
83254,R13-B12-N4
83255,R13-B12-N4
83256,R13-B12-N4
83257,R13-B12-N4
83258,R13-B12-N4
83259,R06-B07-N05
83260,D-L-I4
83261,R06-B07-N05
83262,R06-B07-N05
83263,R06-B07-N05
83264,R06-B07-N05
83265,R06-B07-N05
83266,R06-B07-N05
83267,R06-R08-N05
83268,R06-R08-N05
83269,R06-R08-N05
83270,R06-R08-N05
83271,R06-B08-N05
83272,R06-B08-N05
83273,R06-B08-N05
83274,R06-B08-N05
83275,R06-B07-N05
83276,R06-B07-N05
83277,R06-B07-N05
83278,R06-B07-N05
83279,R03-B07-N03
83280,R03-B07-N03
83281,R03-B07-N03
83282,R03-B07-N03
83283,R03-B07-N03
83284,R03-B07-N04
83285,R03-B07-N04
83286,R03-B07-N04
83287,R03-B07-N04
83288,R03-B07-N04
83289,R06-B08-N03
83290,R06-B08-N03
83291,R06-B08-N03
83292,R06-B08-N03
83293,R06-B08-N03
83294,N03-B07-N05
83295,N03-B07-N05
83296,N03-B07-N05
83297,N03-B07-N05
83298,R17-B07-N01
83299,R17-B07-N01
83300,R17-B07-N01
83301,R17-B07-N01
83302,R17-B07-N01
83303,R17-B07-N01
83304,R17-B07-N01
83305,R17-B07-N01
83306,R17-B07-N01
83307,R17-B07-N01
83308,R17-B07-N02
83309,R17-B07-N02
83310,R17-B07-N02
83311,R17-B07-N02
83312,R17-B07-N02
83313,R24-B03-N07
83314,R24-B03-N07
83315,R24-B03-N07
83316,R24-B03-N07
83317,R24-B03-N07
83318,R24-B03-N07
83319,R24-B03-N07
83320,R24-B03-N07
83321,R22-B04-N05
83322,R22-B04-N05
83323,R22-B04-N05
83324,R22-B04-N05
83325,R15-B5-N2
83326,R15-B5-N2
83327,R15-B5-N4
83328,R15-B6-N2
83329,R15-B3-N2
83330,R15-B3-N2
83331,R19-B05-N02
83332,R19-B05-N02
83333,R19-B05-N02
83334,R19-B05-N02
83335,R19-B05-N02
83336,R19-B05-N02
83337,R22-B03-N05
83338,R22-B03-N05
83339,R22-B03-N05
83340,R22-B03-N05
83341,R15-B3-N4
83342,R22-B12-N05
83343,R22-B12-N05
83344,R22-B12-N05
83345,R22-B10-N05
83346,R22-B10-N05
83347,R22-B10-N05
83348,R22-R10-N05
83349,R22-R10-N05
83350,R22-R10-N05
83351,R22-B03-N05
83352,R22-B03-N05
83353,R22-B03-N05
83354,R22-B01-N05
83355,R22-B01-N05
83356,R22-B01-N05
83357,R15-B2-N4
83358,R19-B10-N05
83359,R19-B10-N05
83360,R19-B10-N05
83361,R19-B10-N05
83362,R19-B09-N05
83363,R19-B09-N05
83364,R19-B09-N05
83365,R19-B09-N05
83366,R19-B11-N05
83367,R19-B11-N05
83368,R19-B11-N05
83369,R19-B11-N05
83370,R19-B09-N05
83371,R19-B09-N05
83372,R19-B09-N05
83373,R19-B09-N05
83374,R19-B10-N05
83375,R19-B10-N05
83376,R19-B10-N05
83377,R19-B10-N05
83378,R19-B09-N05
83379,R19-B09-N05
83380,R19-B09-N05
83381,R19-B09-N05
83382,R19-B7-N3
83383,R19-B7-N3
83384,R19-B7-N3
83385,R19-B7-N3
83386,R19-B07-N05
83387,R19-B07-N05
83388,R19-B07-N05
83389,R19-B07-N05
83390,R22-B09-N04
83391,R22-B09-N04
83392,R22-B09-N04
83393,R22-B09-N04
83398,R22-N04-N05
83399,R22-N04-N05
83400,R22-N04-N05
83401,R22-N04-N05
83402,R22-B07-N03
83403,R22-B07-N03
83404,R22-B07-N03
83405,R22-B07-N03
83406,R22-B04-N05
83407,R22-B04-N05
83408,R22-B04-N05
83409,R22-B04-N05
83410,R22-B06-N03
83411,R22-B06-N03
83412,R22-B06-N03
83413,R22-B06-N03
83414,R22-B10-N05
83415,R22-B10-N05
83416,R22-B10-N05
83417,R19-B7-N3
83418,R19-B7-N3
83419,R19-B7-N3
83420,R19-B7-N3
83421,R22-B03-N05
83422,R22-B03-N05
83423,R22-B03-N05
83424,R22-B03-N05
83433,R20-B12-N01
83434,R20-B12-N01
83435,R20-B12-N01
83436,R20-B12-N01
83441,R22-B04-N05
83442,R22-B04-N05
83443,R22-B04-N05
83444,R22-B04-N05
83445,R22-B09-N03
83446,R22-B09-N03
83447,R22-B09-N03
83448,R22-B09-N03
83449,R22-B04-N05
83450,R22-B04-N05
83451,R22-B04-N05
83452,R22-B04-N05
83453,R22-B03-N05
83454,R22-B03-N05
83455,R22-B03-N05
83456,R22-B03-N05
83457,R22-B03-N05
83458,R22-B03-N05
83459,R22-B03-N05
83460,R22-B01-N05
83461,R22-B01-N05
83462,R22-B01-N05
83463,R22-B01-N05
83464,R22-B01-N05
83465,R22-B01-N05
83466,R22-B01-N05
83467,R22-B01-N05
83468,R22-B01-N05
83469,R22-B03-N05
83470,R22-B03-N05
83471,R22-B03-N05
83472,R22-B10-N05
83473,R22-B10-N05
83474,R22-B10-N05
83475,R22-B01-N05
83476,R22-B01-N05
83477,R22-B01-N05
83478,R22-B01-N05
83479,R22-B01-N05
83480,R22-B01-N05
83481,R22-B01-N05
83482,R22-B01-N05
83483,R22-B01-N05
83484,R22-B03-N05
83485,R22-B03-N05
83486,R22-B03-N05
83487,R22-B01-N05
83488,R22-B01-N05
83489,R22-B01-N05
83490,R22-B10-N6
83491,R22-B10-N6
83492,R22-B10-N6
83493,R22-B07-N03
83494,R22-B07-N03
83495,R22-B07-N03
83496,R22-B07-N04
83497,R22-B07-N04
83498,R22-B07-N04
83499,R22-B06-N02
83500,R22-B06-N02
83501,R22-B06-N02
83502,R22-B06-N02
83503,R22-B01-N05
83504,R22-B01-N05
83505,R22-B01-N05
83506,R22-B03-N05
83507,R22-B03-N05
83508,R22-B03-N05
83509,R22-B06-N03
83510,R22-B06-N03
83511,R22-B06-N03
83512,R22-B06-N03
83513,R18-B07-N02
83514,R18-B07-N02
83515,R18-B07-N02
83516,R18-B07-N02
83517,R18-B07-N02
83518,R18-B07-N02
83519,R18-B07-N02
83520,R18-B07-N02
83521,R18-B07-N02
83522,R18-B07-N02
83523,R18-B07-N02
83524,R18-B07-N02
83525,R18-B07-N02
83526,R18-B07-N02
83527,R18-B07-N02
83528,R18-B07-N02
83529,R18-B07-N02
83530,R18-B07-N02
83531,R18-B07-N02
83532,R18-B07-N02
83533,R18-B07-N02
83534,R18-B07-N02
83535,R18-B07-N02
83536,R18-B07-N02
83537,R18-B07-N02
83538,R18-B07-N02
83539,R18-B07-N02
83540,R18-B07-N02
83541,R18-B07-N02
83542,R18-B07-N02
83543,R18-B08-N03
83544,R18-B08-N03
83545,R18-B08-N03
83546,R18-B08-N03
83547,R18-B08-N03
83548,R18-B08-N03
83549,R18-B08-N03
83550,R18-B08-N03
83551,R18-B08-N03
83552,R18-B08-N03
83553,R18-B08-N03
83554,R18-B08-N03
83555,R18-B08-N03
83556,R18-B08-N03
83557,R18-B08-N03
83558,R18-B08-N03
83559,R18-B08-N03
83560,R18-B08-N03
83561,R18-B08-N03
83562,R18-B08-N03
83563,R18-B08-N03
83564,R18-B08-N03
83565,R18-B08-N03
83566,R18-B08-N03
83567,R18-B08-N03
83568,R18-B08-N03
83569,R18-B08-N03
83570,R18-B08-N03
83571,R18-B08-N03
83572,R18-B08-N03
83573,R18-B08-N04
83574,R18-B08-N04
83575,R18-B08-N04
83576,R18-B08-N04
83577,R18-B08-N04
83578,R18-B08-N04
83579,R18-B08-N04
83580,R18-B08-N04
83581,R18-B08-N04
83582,R18-B08-N04
83583,R18-B08-N04
83584,R18-B08-N04
83585,R18-B08-N04
83586,R18-B08-N04
83587,R18-B08-N04
83588,R18-B08-N04
83589,R18-B08-N04
83590,R18-B08-N04
83591,R18-B08-N04
83592,R18-B08-N04
83593,R18-B08-N04
83594,R18-B08-N04
83595,R18-B08-N04
83596,R18-B08-N04
83597,R18-B08-N04
83598,R18-B08-N04
83599,R18-B08-N04
83600,R18-B08-N04
83601,R18-B08-N04
83602,R18-B08-N04
83603,R18-B07-N02
83604,R18-B07-N02
83605,R18-B07-N02
83606,R18-B07-N02
83607,R18-B07-N02
83608,R18-B07-N02
83609,R18-B07-N02
83610,R18-B07-N02
83611,R18-B07-N02
83612,R18-B07-N02
83613,R18-B07-N02
83614,R18-B07-N02
83615,R18-B07-N02
83616,R18-B07-N02
83617,R18-B07-N02
83618,R18-B07-N02
83619,R18-B07-N02
83620,R18-B07-N02
83621,R18-B07-N02
83622,R18-B07-N02
83623,R18-B07-N02
83624,R18-B07-N02
83625,R18-B07-N02
83626,R18-B07-N02
83627,R18-B08-N03
83628,R18-B08-N03
83629,R18-B08-N03
83630,R18-B08-N03
83631,R18-B08-N03
83632,R18-B08-N03
83633,R18-B08-N03
83634,R18-B08-N03
83635,R18-B08-N03
83636,R18-B08-N03
83637,R18-B08-N03
83638,R18-B08-N03
83639,R18-B08-N03
83640,R18-B08-N03
83641,R18-B08-N03
83642,R18-B08-N03
83643,R18-B08-N03
83644,R18-B08-N03
83645,R18-B08-N03
83646,R18-B08-N03
83647,R18-B08-N03
83648,R18-B08-N03
83649,R18-B08-N03
83650,R18-B08-N03
83651,R18-B08-N04
83652,R18-B08-N04
83653,R18-B08-N04
83654,R18-B08-N04
83655,R18-B08-N04
83656,R18-B08-N04
83657,R18-B08-N04
83658,R18-B08-N04
83659,R18-B08-N04
83660,R18-B08-N04
83661,R18-B08-N04
83662,R18-B08-N04
83663,R18-B08-N04
83664,R18-B08-N04
83665,R18-B08-N04
83666,R18-B08-N04
83667,R18-B08-N04
83668,R18-B08-N04
83669,R18-B08-N04
83670,R18-B08-N04
83671,R18-B08-N04
83672,R18-B08-N04
83673,R18-B08-N04
83674,R18-B08-N04
83703,R26-B01-C10
83704,R26-B01-C10
83705,R26-B01-C10
83706,R26-B01-C10
83714,R26-B01-C13
83715,R26-B01-C13
83716,R26-B01-C13
83720,R26-B01-C01
83721,R26-B01-C01
83722,R26-B01-C01
83723,R26-B01-C01
83724,R26-B01-C01
83725,R26-B01-C01
83726,R26-B01-C01
83727,R26-B01-C01
83728,R26-B01-C01
83739,R26-B01-C6
83740,R26-B01-C6
83741,R26-B01-C6
83745,R26-B01-C2
83746,R26-B01-C2
83747,R26-B01-C2
83754,R26-B01-C01
83755,R26-B01-C01
83756,R26-B01-C01
83781,R26-B01-C01
83782,R26-B01-C01
83783,R26-B01-C01
83787,R26-B01-C10
83788,R26-B01-C10
83789,R26-B01-C10
83790,R27-B02-N01
83791,R27-B02-N01
83792,R27-B02-N01
83793,R26-B01-C02
83794,R26-B01-C02
83795,R26-B01-C02
83796,R26-B01-C01
83797,R26-B01-C01
83798,R26-B01-C01
83810,R26-B01-C16
83811,R26-B01-C16
83812,R26-B01-C16
83813,R26-B01-C16
83862,R18-B06-N03
83863,R18-B06-N03
83864,R18-B06-N03
83865,R18-B06-N03
83866,R18-B06-N03
83867,R18-B06-N03
83868,R18-B06-N03
83869,R18-B06-N03
83870,R18-B06-N03
83871,R18-B06-N03
83872,R18-B06-N03
83873,R18-B06-N03
83874,R18-B06-N03
83875,R18-B06-N03
83879,R04-B03-N03
83880,R04-B03-N03
83881,R04-B03-N03
83882,R04-B03-N03
83883,R04-B03-N03
83884,R04-N03-N03
83885,R04-N03-N03
83886,R04-N03-N03
83887,R04-N03-N03
83888,R04-N03-N03
83899,R26-B01-C01
83900,R26-B01-C01
83901,R26-B01-C01
83917,R04-B03-N02
83918,R04-B03-N02
83919,R04-B03-N02
83920,R04-B03-N02
83921,R04-B03-N02
83926,R02-B03-N04
83927,R02-B03-N04
83928,R02-B03-N04
83929,R02-B03-N04
83930,R02-B03-N04
83936,R26-B01-C6
83937,R26-B01-C6
83938,R26-B01-C6
83939,R02-B03-N03
83940,R02-B03-N03
83941,R02-B03-N03
83942,R02-B03-N03
83943,R02-B03-N03
83952,R18-B06-N04
83953,R18-B06-N04
83954,R18-B06-N04
83955,R18-B06-N04
83956,R02-B01-N02
83957,R02-B01-N02
83958,R02-B01-N02
83959,R02-B01-N02
83960,R02-B01-N02
83967,R27-B01-N04
83968,R27-B01-N04
83969,R27-B01-N04
83970,R27-B01-N04
83971,R02-B04-N01
83972,R02-B04-N01
83973,R02-B04-N01
83974,R02-B04-N01
83975,R02-B04-N01
83990,R02-B04-N01
83991,R02-B04-N01
83992,R02-B04-N01
83993,R02-B04-N01
83994,R02-B04-N01
84018,R26-B01-C13
84019,R26-B01-C13
84020,R26-B01-C13
84021,R26-B01-C13
84022,R26-B01-C13
84023,R26-B01-C13
84036,R02-B02-N02
84037,R02-B02-N02
84038,R02-B02-N02
84039,R02-B02-N02
84040,R02-B02-N02
84053,R26-B01-C10
84054,R26-B01-C10
84055,R26-B01-C10
84056,R26-B01-C10
84061,R26-B01-C2
84062,R26-B01-C2
84063,R26-B01-C2
84064,R26-B01-C2
84065,R26-B01-C2
84066,R26-B01-C2
84067,R26-B01-C6
84101,R04-B04-N02
84102,R04-B04-N02
84103,R04-B04-N02
84104,R18-B07-N04
84105,R18-B07-N04
84106,R18-B07-N04
84107,R18-B08-N01
84108,R18-B08-N01
84109,R18-B08-N01
84110,R18-B07-N02
84111,R18-B07-N02
84112,R18-B07-N02
84113,R18-B08-N04
84114,R18-B08-N04
84115,R18-B08-N04
84119,R18-B08-N01
84120,R18-B08-N01
84121,R18-B08-N01
84122,R18-B8-N04
84123,R18-B8-N04
84124,R18-B8-N04
84125,R18-B08-N02
84126,R18-B08-N02
84127,R18-B08-N02
84128,R18-B08-N04
84129,R18-B08-N04
84130,R18-B08-N04
84131,R18-B08-N04
84132,R18-B08-N04
84133,R18-B08-N04
84134,R18-B08-N01
84135,R18-B08-N01
84136,R18-B08-N01
84137,R18-B08-N02
84138,R18-B08-N02
84139,R18-B08-N02
84140,R18-B08-N01
84141,R18-B08-N01
84142,R18-B08-N01
84143,R18-B07-N02
84144,R18-B07-N02
84145,R18-B07-N02
84146,R18-B07-N02
84147,R18-B07-N02
84148,R18-B07-N02
84149,R18-B08-N04
84150,R18-B08-N04
84151,R18-B08-N04
84152,R18-B8-N03
84153,R18-B8-N03
84154,R18-B8-N03
84155,R18-B08-N01
84156,R18-B08-N01
84157,R18-B08-N01
84158,R18-B07-N02
84159,R18-B07-N02
84160,R18-B07-N02
84161,R18-B08-N02
84162,R18-B08-N02
84163,R18-B08-N02
84164,R18-B07-N03
84165,R18-B07-N03
84166,R18-B07-N03
84167,R18-B08-N02
84168,R18-B08-N02
84169,R18-B08-N02
84170,R18-B07-N02
84171,R18-B07-N02
84172,R18-B07-N02
84173,R18-B07-N02
84174,R18-B07-N02
84175,R18-B07-N02
84176,R18-B06-N03
84177,R18-B06-N03
84178,R18-B06-N03
84179,R18-B06-N03
84180,R18-B06-N02
84181,R18-B06-N02
84182,R18-B06-N02
84183,R18-B06-N02
84184,R18-B06-N02
84185,R18-B06-N02
84186,R18-B06-N02
84187,R18-B06-N02
84188,R18-B06-N01
84189,R18-B06-N01
84190,R18-B06-N01
84191,R18-B06-N01
84192,R18-B06-N01
84193,R18-B06-N01
84194,R18-B06-N01
84195,R18-B06-N01
84196,R18-B06-N03
84197,R18-B06-N03
84198,R18-B06-N03
84199,R18-B06-N03
84204,R18-B06-N02
84205,R18-B06-N02
84206,R18-B06-N02
84207,R18-B06-N02
84208,R18-B06-N02
84209,R18-B06-N02
84210,R18-B06-N02
84211,R18-B06-N02
84212,R18-B07-N04
84213,R18-B07-N04
84214,R18-B07-N04
84215,R18-B07-N04
84216,R18-B07-N04
84217,R18-B07-N04
84218,R18-B07-N04
84219,R18-B07-N04
84220,R18-B07-N04
84221,R18-B07-N04
84222,R18-B07-N04
84223,R18-B07-N04
84224,R18-B06-N01
84225,R18-B06-N01
84226,R18-B06-N01
84227,R18-B06-N01
84228,R18-B06-N01
84229,R18-B06-N01
84230,R18-B06-N01
84231,R18-B06-N01
84232,R18-B06-N01
84233,R09-B06-N02
84234,R09-B06-N02
84235,R09-B06-N02
84236,R09-B06-N02
84237,R09-B07-N01
84238,R09-B07-N01
84239,R09-B07-N01
84240,R09-B07-N01
84241,R09-B05-N04
84242,R09-B05-N04
84243,R09-B05-N04
84244,R09-B05-N04
84245,R03-B12-N01
84246,R03-B12-N01
84247,R03-B12-N01
84248,R03-B12-N01
84249,R03-B11-N04
84250,R03-B11-N04
84251,R03-B11-N04
84252,R03-B11-N04
84253,R09-B06-N03
84254,R09-B06-N03
84255,R09-B06-N03
84256,R11-B10-N4
84257,R11-B10-N4
84258,R11-B10-N4
84259,R11-B10-N4
84260,R11-B10-N4
84261,R11-B10-N4
84262,R11-B10-N4
84263,R11-B10-N4
84264,R13-B2-N1
84265,R13-B2-N1
84266,R13-B2-N1
84267,R13-B2-N1
84268,R13-B2-N1
84269,R13-B06-N01
84270,R13-B06-N01
84271,R13-B06-N01
84272,R13-B06-N01
84273,R13-B06-N01
84274,R09-B05-N02
84275,R09-B05-N02
84276,R09-B05-N02
84277,R09-B05-N02
84278,R03-B03-N04
84279,R03-B03-N04
84280,R03-B03-N04
84281,R03-B03-N04
84282,R03-B11-N2
84283,R03-B11-N2
84284,R03-B11-N2
84285,R03-B11-N2
84292,R06-B08-N02
84293,R06-B08-N02
84294,R06-B08-N02
84295,R06-B08-N02
84301,R03-B07-N01
84302,R03-B07-N01
84303,R03-B07-N01
84304,R03-B07-N01
84305,R03-B07-N01
84306,R06-B10-N02
84307,R06-B10-N02
84308,R06-B10-N02
84309,R06-B10-N02
84310,R06-B10-N02
84311,R17-B06-N01
84312,R17-B06-N01
84313,R17-B06-N01
84314,R17-B06-N01
84315,R17-B06-N01
84316,R13-B02-N01
84317,R13-B02-N01
84318,R13-B02-N01
84319,R13-B02-N01
84320,R13-B02-N01
84321,R13-B03-N01
84322,R13-B03-N01
84323,R13-B03-N01
84324,R13-B03-N01
84325,R13-B03-N01
84326,R06-B12-N01
84327,R06-B12-N01
84328,R06-B12-N01
84329,R06-B12-N01
84330,R13-B1-N3
84331,R13-B1-N3
84332,R13-B1-N3
84333,R13-B1-N3
84334,R13-B1-N3
84335,R12-B08-N03
84336,R12-B08-N03
84337,R12-B08-N03
84338,R12-B08-N03
84339,R12-B08-N03
84344,R13-B06-N01
84345,R13-B06-N01
84346,R13-B06-N01
84347,R13-B06-N01
84348,R14-B8-N2
84349,R14-B8-N2
84350,R14-B8-N2
84351,R14-B8-N2
84352,R14-B10-N02
84353,R14-B10-N02
84354,R14-B10-N02
84355,R14-B10-N02
84356,R14-B10-N02
84357,R14-B10-N3
84358,R14-B10-N3
84359,R14-B10-N3
84360,R14-B10-N3
84361,R14-B10-N3
84362,R13-B02-N02
84363,R13-B02-N02
84364,R13-B02-N02
84365,R13-B02-N02
84366,R13-B02-N02
84367,R08-B10-N03
84368,R08-B10-N03
84369,R08-B10-N03
84370,R08-B10-N03
84371,R08-B10-N03
84372,R10-B04-N03
84373,R10-B04-N03
84374,R10-B04-N03
84375,R10-B04-N03
84376,R10-B04-N03
84377,R10-B04-N03
84378,R12-B06-N05
84379,R12-B06-N05
84380,R12-B06-N05
84381,R12-B06-N05
84382,R07-B02-N02
84383,R07-B02-N02
84384,R07-B02-N02
84385,R07-B02-N02
84386,R07-B02-N02
84387,R07-B01-N03
84388,R07-B01-N03
84389,R07-B01-N03
84390,R07-B01-N03
84391,R07-B01-N03
84392,R06-B12-N02
84393,R06-B12-N02
84394,R06-B12-N02
84395,R06-B12-N02
84396,R06-B12-N02
84397,R07-B02-N03
84398,R07-B02-N03
84399,R07-B02-N03
84400,R07-B02-N03
84401,R07-B02-N03
84402,R06-B09-N06
84403,R06-B09-N06
84404,R06-B09-N06
84405,R06-B09-N06
84406,R06-B09-N06
84407,R07-B01-N03
84408,R07-B01-N03
84409,R07-B01-N03
84410,R07-B01-N03
84411,R07-B01-N03
84412,R14-B10-N2
84413,R14-B10-N2
84414,R14-B10-N2
84415,R14-B10-N2
84416,R07-B02-N01
84417,R07-B02-N01
84418,R07-B02-N01
84419,R07-B02-N01
84420,R07-B02-N01
84421,R17-B07-N02
84422,R17-B07-N02
84423,R17-B07-N02
84424,R17-B07-N02
84425,R17-B07-N02
84426,R17-B05-N04
84427,R17-B05-N04
84428,R17-B05-N04
84429,R17-B05-N04
84430,R17-B05-N04
84431,R14-B8-N2
84432,R14-B8-N2
84433,R14-B8-N2
84434,R14-B8-N2
84435,R14-B8-N2
84436,R17-B05-N01
84437,R17-B05-N01
84438,R17-B05-N01
84439,R17-B05-N01
84440,R17-B05-N01
84441,R13-B01-N01
84442,R13-B01-N01
84443,R13-B01-N01
84444,R13-B01-N01
84445,R13-B01-N01
84446,R17-B06-N01
84447,R17-B06-N01
84448,R17-B06-N01
84449,R17-B06-N01
84450,R17-B06-N01
84451,R14-B6-N4
84452,R14-B6-N4
84453,R14-B6-N4
84454,R14-B6-N4
84455,R14-B6-N4
84456,R10-B06-N03
84457,R10-B06-N03
84458,R10-B06-N03
84459,R10-B06-N03
84460,R10-B06-N03
84461,R10-B06-N03
84462,R24-B01-N07
84463,R24-B01-N07
84464,R24-B01-N07
84465,R24-B01-N07
84466,R24-B01-N07
84467,R24-B01-N07
84468,R24-B01-N07
84469,R24-B01-N07
84470,R06-B10-N02
84471,R06-B10-N02
84472,R06-B10-N02
84473,R06-B10-N02
84474,R06-B10-N02
84475,R03-B02-N01
84476,R03-B02-N01
84477,R03-B02-N01
84478,R03-B02-N01
84479,R03-B02-N01
84480,R07-B04-N02
84481,R07-B04-N02
84482,R07-B04-N02
84483,R07-B04-N02
84484,R07-B04-N02
84485,R07-B05-N02
84486,R07-B05-N02
84487,R07-B05-N02
84488,R07-B05-N02
84489,R07-B05-N02
84490,R13-B07-N04
84491,R13-B07-N04
84492,R13-B07-N04
84493,R13-B07-N04
84494,R13-B07-N04
84495,R13-B07-N04
84496,R13-B07-N04
84497,R13-B07-N04
84498,R13-B07-N04
84499,R13-B07-N04
84500,R13-B07-N04
84501,R13-B07-N04
84502,R13-B07-N04
84503,R13-B07-N04
84504,R13-B07-N04
84505,R12-B04-N01
84506,R12-B04-N01
84507,R12-B04-N01
84508,R12-B04-N01
84509,R12-B04-N01
84510,R07-B05-N02
84511,R07-B05-N02
84512,R07-B05-N02
84513,R07-B05-N02
84514,R07-B05-N02
84515,R07-B03-N01
84516,R07-B03-N01
84517,R07-B03-N01
84518,R07-B03-N01
84519,R06-B10-N04
84520,R06-B10-N04
84521,R06-B10-N04
84522,R06-B10-N04
84523,R12-B07-N03
84524,R12-B07-N03
84525,R12-B07-N03
84526,R12-B07-N03
84527,R24-B06-N03
84528,R24-B06-N03
84529,R24-B06-N03
84530,R24-B06-N03
84531,R24-B06-N03
84532,R24-B06-N03
84533,R09-B01-N02
84534,R09-B01-N02
84535,R09-B01-N02
84536,R09-B01-N02
84537,R09-B01-N02
84538,R06-B01-N03
84539,R06-B01-N03
84540,R06-B01-N03
84541,R06-B01-N03
84542,R06-B01-N03
84543,R06-B01-N03
84544,R06-B01-N03
84545,R06-B01-N03
84546,R06-B01-N03
84547,R06-B01-N03
84548,R06-B01-N04
84549,R06-B01-N04
84550,R06-B01-N04
84551,R06-B01-N04
84552,R06-B01-N04
84553,R06-B01-N04
84554,R06-B01-N04
84555,R06-B01-N04
84556,R06-B01-N04
84557,R06-B01-N04
84558,R06-B01-N04
84559,R06-B01-N04
84560,R06-B01-N04
84561,R06-B01-N04
84562,R06-B01-N04
84563,R06-B01-N02
84564,R06-B01-N02
84565,R06-B01-N02
84566,R06-B01-N02
84567,R06-B01-N02
84568,R06-B01-N04
84569,R06-B01-N04
84570,R06-B01-N04
84571,R06-B01-N04
84572,R06-B01-N04
84573,R06-B01-N03
84574,R06-B01-N03
84575,R06-B01-N03
84576,R06-B01-N03
84577,R06-B01-N03
84578,R06-B01-N03
84579,R06-B01-N03
84580,R06-B01-N03
84581,R06-B01-N03
84582,R06-B01-N03
84583,R06-B01-N03
84584,R06-B01-N03
84585,R06-B01-N03
84586,R06-B01-N03
84587,R06-B01-N03
84588,R06-B01-N03
84589,R06-B01-N03
84590,R06-B01-N03
84591,R06-B01-N03
84592,R06-B01-N03
84593,R06-B01-N04
84594,R06-B01-N04
84595,R06-B01-N04
84596,R06-B01-N04
84597,R06-B01-N04
84598,R06-B02-N04
84599,R06-B02-N04
84600,R06-B02-N04
84601,R06-B02-N04
84602,R06-B02-N04
84603,R06-B02-N03
84604,R06-B02-N03
84605,R06-B02-N03
84606,R06-B02-N03
84607,R06-B02-N03
84608,R06-B01-N04
84609,R06-B01-N04
84610,R06-B01-N04
84611,R06-B01-N04
84612,R06-B01-N04
84613,R06-B02-N04
84614,R06-B02-N04
84615,R06-B02-N04
84616,R06-B02-N04
84617,R06-B02-N04
84618,R06-B02-N04
84619,R06-B02-N04
84620,R06-B02-N04
84621,R06-B02-N04
84622,R06-B02-N04
84623,R06-B02-N04
84624,R06-B02-N04
84625,R06-B02-N04
84626,R06-B02-N04
84627,R06-B02-N04
84661,R26-B01-C10
84662,R26-B01-C10
84663,R26-B01-C10
84664,R26-B01-C10
84665,R26-B01-C10
84666,R26-B01-C10
84673,R20-B03-N05
84674,R20-B03-N05
84675,R20-B03-N05
84701,R19-B09-N04
84702,R19-B09-N04
84703,R19-B09-N04
84704,R19-B09-N04
84705,R19-B09-N04
84712,R13-B12-N02
84713,R13-B12-N02
84714,R13-B12-N02
84715,R13-B12-N02
84716,R13-B12-N02
84729,R09-B12-N01
84730,R09-B12-N01
84731,R09-B12-N01
84732,R09-B11-N03
84733,R09-B11-N03
84734,R09-B11-N03
84735,R09-B09-N03
84736,R09-B09-N03
84737,R09-B09-N03
84738,R09-B12-N03
84739,R09-B12-N03
84740,R09-B12-N03
84741,R09-B12-N03
84742,R09-B12-N03
84743,R09-B12-N03
84750,R17-B05-N01
84751,R17-B05-N01
84752,R17-B05-N01
84753,R17-B05-N01
84754,R17-B05-N01
84755,R17-B05-N01
84756,R17-B05-N01
84757,R17-B05-N01
84758,R17-B05-N01
84759,R17-B05-N01
84760,R15-B2-N2
84761,R15-B2-N2
84762,R15-B3-N3
84763,R14-B03-N05
84764,R14-B03-N05
84765,R14-B03-N05
84766,R14-B03-N05
84767,R14-B03-N05
84768,R12-B11-N01
84769,R12-B11-N01
84770,R12-B11-N01
84771,R12-B11-N01
84772,R12-B11-N01
84773,R12-B07-N03
84774,R12-B07-N03
84775,R12-B07-N03
84776,R12-B07-N03
84777,R12-B07-N03
84778,R08-B12-N04
84779,R08-B12-N04
84780,R08-B12-N04
84781,R08-B12-N04
84782,R08-B12-N04
84783,R06-B04-N05
84784,R06-B04-N05
84785,R06-B04-N05
84786,R06-B04-N05
84787,R06-B04-N05
84788,R06-B10-N05
84789,R06-B10-N05
84790,R06-B10-N05
84791,R06-B10-N05
84792,R06-B10-N05
84793,R06-B05-N05
84794,R06-B05-N05
84795,R06-B05-N05
84796,R06-B05-N05
84797,R06-B05-N05
84798,R10-B05-N04
84799,R10-B05-N04
84800,R10-B05-N04
84801,R10-B05-N04
84802,R10-B05-N04
84803,R10-B05-N04
84804,R08-B12-N05
84805,R08-B12-N05
84806,R08-B12-N05
84807,R08-B12-N05
84808,R08-B12-N05
84809,R06-B03-N05
84810,R06-B03-N05
84811,R06-B03-N05
84812,R06-B03-N05
84813,R06-B03-N05
84814,R06-B10-N05
84815,R06-B10-N05
84816,R06-B10-N05
84817,R06-B10-N05
84818,R06-B10-N05
84819,R06-B10-N05
84820,R06-B10-N05
84821,R06-B10-N05
84822,R06-B10-N05
84823,R06-B10-N05
84824,R17-B08-N04
84825,R17-B08-N04
84826,R17-B08-N04
84827,R17-B08-N04
84828,R17-B08-N04
84829,R14-B05-N05
84830,R14-B05-N05
84831,R14-B05-N05
84832,R14-B05-N05
84833,R14-B05-N05
84834,R17-B07-N03
84835,R17-B07-N03
84836,R17-B07-N03
84837,R17-B07-N03
84838,R17-B07-N03
84839,R17-B08-N01
84840,R17-B08-N01
84841,R17-B08-N01
84842,R17-B08-N01
84843,R17-B08-N01
84844,R17-B08-N05
84845,R17-B08-N05
84846,R17-B08-N05
84847,R17-B08-N05
84848,R17-B08-N05
84849,R19-B07-N01
84850,R19-B07-N01
84851,R19-B07-N01
84852,R19-B07-N01
84853,R13-B02-N01
84854,R13-B02-N01
84855,R13-B02-N01
84856,R13-B02-N01
84857,R13-B02-N01
84858,R12-B01-N01
84859,R12-B01-N01
84860,R12-B01-N01
84861,R12-B01-N01
84862,R12-B01-N01
84863,R06-B12-N05
84864,R06-B12-N05
84865,R06-B12-N05
84866,R06-B12-N05
84867,R06-B12-N05
84868,R09-B09-N01
84869,R09-B09-N01
84870,R09-B09-N01
84871,R09-B09-N01
84872,R09-B09-N01
84873,R09-B06-N01
84874,R09-B06-N01
84875,R09-B06-N01
84876,R09-B06-N01
84877,R09-B06-N01
84878,R06-B06-N05
84879,R06-B06-N05
84880,R06-B06-N05
84881,R06-B06-N05
84882,R06-B06-N05
84883,R06-B03-N05
84884,R06-B03-N05
84885,R06-B03-N05
84886,R06-B03-N05
84887,R06-B03-N05
84888,R07-B01-N05
84889,R07-B01-N05
84890,R07-B01-N05
84891,R07-B01-N05
84892,R07-B01-N05
84893,R03-B12-N5
84894,R03-B12-N5
84895,R03-B12-N5
84896,R03-B12-N5
84897,R03-B12-N5
84898,R09-B06-N02
84899,R09-B06-N02
84900,R09-B06-N02
84901,R09-B06-N02
84902,R13-B02-N05
84903,R13-B02-N05
84904,R13-B02-N05
84905,R13-B02-N05
84906,R13-B02-N05
84907,R17-B06-N01
84908,R17-B06-N01
84909,R17-B06-N01
84910,R17-B06-N01
84911,R17-B06-N01
84912,R13-B01-N04
84913,R13-B01-N04
84914,R13-B01-N04
84915,R13-B01-N04
84916,R13-B01-N04
84917,R14-B05-N05
84918,R14-B05-N05
84919,R14-B05-N05
84920,R14-B05-N05
84921,R14-B05-N05
84922,R14-B03-N05
84923,R14-B03-N05
84924,R14-B03-N05
84925,R14-B03-N05
84926,R14-B03-N05
84927,R13-B12-N02
84928,R13-B12-N02
84929,R13-B12-N02
84930,R13-B12-N02
84931,R13-B12-N02
84932,R17-B07-N05
84933,R17-B07-N05
84934,R17-B07-N05
84935,R17-B07-N05
84936,R17-B07-N05
84937,R17-B05-N01
84938,R17-B05-N01
84939,R17-B05-N01
84940,R17-B05-N01
84941,R17-B05-N01
84942,R17-B07-N01
84943,R17-B07-N01
84944,R17-B07-N01
84945,R17-B07-N01
84946,R17-B07-N01
84947,R17-B07-N01
84948,R17-B07-N01
84949,R17-B07-N01
84950,R17-B07-N01
84951,R17-B07-N01
84952,R17-B07-N05
84953,R17-B07-N05
84954,R17-B07-N05
84955,R17-B07-N05
84956,R17-B07-N05
84957,R17-B05-N01
84958,R17-B05-N01
84959,R17-B05-N01
84960,R17-B05-N01
84961,R17-B05-N01
84962,R12-B03-N03
84963,R12-B03-N03
84964,R12-B03-N03
84965,R12-B03-N03
84966,R12-B03-N03
84967,R12-B06-N02
84968,R12-B06-N02
84969,R12-B06-N02
84970,R12-B06-N02
84971,R12-B06-N02
84972,R17-B06-N01
84973,R17-B06-N01
84974,R17-B06-N01
84975,R17-B06-N01
84976,R17-B06-N01
84977,R12-B07-N01
84978,R12-B07-N01
84979,R12-B07-N01
84980,R12-B07-N01
84981,R12-B07-N01
84982,R13-B10-N03
84983,R13-B10-N03
84984,R13-B10-N03
84985,R13-B10-N03
84986,R13-B10-N03
84987,R17-B08-N04
84988,R17-B08-N04
84989,R17-B08-N04
84990,R17-B08-N04
84991,R17-B08-N04
84992,R17-B08-N04
84993,R17-B08-N04
84994,R17-B08-N04
84995,R17-B08-N04
84996,R17-B08-N04
84997,R17-B06-N05
84998,R17-B06-N05
84999,R17-B06-N05
85000,R17-B06-N05
85001,R17-B06-N05
85002,R17-B07-N02
85003,R17-B07-N02
85004,R17-B07-N02
85005,R17-B07-N02
85006,R17-B07-N02
85007,R17-B07-N05
85008,R17-B07-N05
85009,R17-B07-N05
85010,R17-B07-N05
85011,R17-B07-N05
85012,R09-B06-N02
85013,R09-B06-N02
85014,R09-B06-N02
85015,R09-B06-N02
85016,R09-B06-N02
85017,R06-B11-N05
85018,R06-B11-N05
85019,R06-B11-N05
85020,R06-B11-N05
85021,R06-B11-N05
85022,R08-B10-N03
85023,R08-B10-N03
85024,R08-B10-N03
85025,R08-B10-N03
85026,R06-B03-N05
85027,R06-B03-N05
85028,R06-B03-N05
85029,R06-B03-N05
85030,R06-B03-N05
85041,R06-B10-N05
85042,R06-B10-N05
85043,R06-B10-N05
85044,R06-B10-N05
85045,R06-B10-N05
85046,R06-B05-N05
85047,R06-B05-N05
85048,R06-B05-N05
85049,R06-B05-N05
85050,R06-B05-N05
85051,R06-B04-N05
85052,R06-B04-N05
85053,R06-B04-N05
85054,R06-B04-N05
85055,R06-B04-N05
85056,R08-B11-N05
85057,R08-B11-N05
85058,R08-B11-N05
85059,R08-B12-N05
85060,R08-B12-N05
85061,R08-B12-N05
85062,R08-B12-N05
85063,R08-B12-N05
85069,R03-B05-N04
85070,R03-B05-N04
85071,R03-B05-N04
85072,R03-B05-N04
85073,R03-B05-N04
85074,R03-B05-N04
85075,R06-B11-N05
85076,R06-B11-N05
85077,R06-B11-N05
85078,R06-B11-N05
85079,R06-B11-N05
85080,R06-B11-N05
85081,R06-B11-N05
85082,R06-B11-N05
85083,R06-B11-N05
85084,R06-B11-N05
85085,R06-B10-N05
85086,R06-B10-N05
85087,R06-B10-N05
85088,R06-B10-N05
85089,R06-B10-N05
85090,R08-B12-N05
85091,R08-B12-N05
85092,R08-B12-N05
85093,R08-B12-N05
85094,R08-B12-N05
85095,R12-B06-N03
85096,R12-B06-N03
85097,R12-B06-N03
85098,R12-B06-N03
85099,R12-B06-N03
85100,R09-B12-N03
85101,R09-B12-N03
85102,R09-B12-N03
85103,R09-B12-N03
85104,R09-B12-N03
85105,R17-B08-N05
85106,R17-B08-N05
85107,R17-B08-N05
85108,R17-B08-N05
85109,R17-B08-N05
85110,R17-B07-N02
85111,R17-B07-N02
85112,R17-B07-N02
85113,R17-B07-N02
85114,R17-B07-N02
85115,R17-B07-N05
85116,R17-B07-N05
85117,R17-B07-N05
85118,R17-B07-N05
85119,R17-B07-N05
85120,R17-B06-N05
85121,R17-B06-N05
85122,R17-B06-N05
85123,R17-B06-N05
85124,R17-B06-N05
85125,R17-B08-N01
85126,R17-B08-N01
85127,R17-B08-N01
85128,R17-B08-N01
85129,R17-B08-N01
85130,R12-B05-N03
85131,R12-B05-N03
85132,R12-B05-N03
85133,R12-B05-N03
85134,R12-B05-N03
85135,R13-B10-N01
85136,R13-B10-N01
85137,R13-B10-N01
85138,R13-B10-N01
85139,R13-B10-N01
85140,R14-B04-N05
85141,R14-B04-N05
85142,R14-B04-N05
85143,R14-B04-N05
85144,R14-B04-N05
85145,R17-B06-N01
85146,R17-B06-N01
85147,R17-B06-N01
85148,R17-B06-N01
85149,R17-B06-N01
85150,R12-B04-N03
85151,R12-B04-N03
85152,R12-B04-N03
85153,R12-B04-N03
85154,R14-B04-N05
85155,R14-B04-N05
85156,R14-B04-N05
85157,R14-B04-N05
85158,R14-B04-N05
85159,R13-B10-N05
85160,R13-B10-N05
85161,R13-B10-N05
85162,R13-B10-N05
85163,R13-B10-N05
85164,R06-B12-N05
85165,R06-B12-N05
85166,R06-B12-N05
85167,R06-B12-N05
85168,R06-B12-N05
85169,R12-B05-N02
85170,R12-B05-N02
85171,R12-B05-N02
85172,R12-B05-N02
85173,R13-B08-N02
85174,R13-B08-N02
85175,R13-B08-N02
85176,R13-B08-N02
85177,R13-B10-N03
85178,R13-B10-N03
85179,R13-B10-N03
85180,R13-B10-N03
85181,R13-B08-N04
85182,R13-B08-N04
85183,R13-B08-N04
85184,R13-B08-N04
85185,R13-B08-N04
85186,R17-B07-N05
85187,R17-B07-N05
85188,R17-B07-N05
85189,R17-B07-N05
85190,R17-B07-N05
85191,R12-B03-N05
85192,R12-B03-N05
85193,R12-B03-N05
85194,R12-B03-N05
85195,R12-B03-N05
85196,R12-B05-N03
85197,R12-B05-N03
85198,R12-B05-N03
85199,R12-B05-N03
85200,R12-B05-N03
85201,R08-B11-N01
85202,R08-B11-N01
85203,R08-B11-N01
85204,R08-B11-N01
85205,R08-B11-N01
85206,R17-B08-N01
85207,R17-B08-N01
85208,R17-B08-N01
85209,R17-B08-N01
85210,R17-B08-N01
85211,R14-B03-N05
85212,R14-B03-N05
85213,R14-B03-N05
85214,R14-B03-N05
85215,R14-B04-N05
85216,R14-B04-N05
85217,R14-B04-N05
85218,R14-B04-N05
85219,R14-B04-N01
85220,R14-B04-N01
85221,R14-B04-N01
85222,R14-B04-N01
85223,R13-B06-N03
85224,R13-B06-N03
85225,R13-B06-N03
85226,R13-B06-N03
85227,R10-B11-N02
85228,R10-B11-N02
85229,R10-B11-N02
85230,R10-B11-N02
85231,R10-B11-N02
85232,R10-B11-N02
85233,R06-B06-N05
85234,R06-B06-N05
85235,R06-B06-N05
85236,R06-B06-N05
85237,R06-B06-N05
85238,R17-B08-N05
85239,R17-B08-N05
85240,R17-B08-N05
85241,R17-B08-N05
85242,R14-B04-N05
85243,R14-B04-N05
85244,R14-B04-N05
85245,R14-B04-N05
85246,R14-B04-N05
85247,R13-B10-N03
85248,R13-B10-N03
85249,R13-B10-N03
85250,R13-B10-N03
85251,R13-B10-N03
85252,R13-B11-N02
85253,R13-B11-N02
85254,R13-B11-N02
85255,R13-B11-N02
85256,R13-B11-N02
85257,R14-B02-N01
85258,R14-B02-N01
85259,R14-B02-N01
85260,R14-B02-N01
85261,R14-B02-N01
85262,R13-B07-N03
85263,R13-B07-N03
85264,R13-B07-N03
85265,R13-B07-N03
85266,R13-B07-N03
85267,R13-B07-N01
85268,R13-B07-N01
85269,R13-B07-N01
85270,R13-B07-N01
85271,R13-B07-N01
85272,R12-B09-N03
85273,R12-B09-N03
85274,R12-B09-N03
85275,R12-B09-N03
85276,R12-B09-N03
85277,R12-B11-N02
85278,R12-B11-N02
85279,R12-B11-N02
85280,R12-B11-N02
85281,R12-B11-N02
85282,R14-B03-N01
85283,R14-B03-N01
85284,R14-B03-N01
85285,R14-B03-N01
85286,R14-B03-N01
85287,R14-B10-N05
85288,R14-B10-N05
85289,R14-B10-N05
85290,R14-B10-N05
85291,R14-B10-N05
85292,R14-B10-N05
85293,R14-B10-N05
85294,R14-B10-N05
85295,R14-B10-N05
85296,R14-B10-N05
85297,R15-B09-N04
85298,R15-B09-N04
85299,R15-B09-N04
85300,R15-B09-N04
85301,R15-B09-N04
85302,R14-B03-N05
85303,R14-B03-N05
85304,R14-B03-N05
85305,R14-B03-N05
85306,R14-B03-N05
85307,R17-B07-N05
85308,R17-B07-N05
85309,R17-B07-N05
85310,R17-B07-N05
85311,R17-B07-N05
85312,R14-B03-N05
85313,R14-B03-N05
85314,R14-B03-N05
85315,R14-B03-N05
85316,R14-B03-N05
85322,R06-B12-N05
85323,R06-B12-N05
85324,R06-B12-N05
85325,R06-B12-N05
85326,R06-B12-N05
85327,R06-B11-N05
85328,R06-B11-N05
85329,R06-B11-N05
85330,R06-B11-N05
85331,R06-B11-N05
85332,R06-B12-N05
85333,R06-B12-N05
85334,R06-B12-N05
85335,R06-B12-N05
85336,R06-B12-N05
85337,R06-B12-N05
85338,R06-B12-N05
85339,R06-B12-N05
85340,R06-B12-N05
85341,R06-B12-N05
85342,R06-B12-N05
85343,R06-B12-N05
85344,R06-B12-N05
85345,R06-B12-N05
85346,R06-B12-N05
85347,R06-B11-N05
85348,R06-B11-N05
85349,R06-B11-N05
85350,R06-B11-N05
85351,R06-B11-N05
85352,R06-B12-N05
85353,R06-B12-N05
85354,R06-B12-N05
85355,R06-B12-N05
85356,R06-B12-N05
85365,R17-B07-N01
85366,R17-B07-N01
85367,R17-B07-N01
85368,R17-B07-N01
85369,R17-B07-N01
85370,R17-B08-N02
85371,R17-B08-N02
85372,R17-B08-N02
85373,R17-B08-N02
85374,R17-B08-N02
85375,R17-B06-N05
85376,R17-B06-N05
85377,R17-B06-N05
85378,R17-B06-N05
85379,R17-B06-N05
85380,R13-B08-N02
85381,R13-B08-N02
85382,R13-B08-N02
85383,R13-B08-N02
85384,R13-B08-N02
85385,R13-B02-N04
85386,R13-B02-N04
85387,R13-B02-N04
85388,R13-B02-N04
85389,R13-B02-N04
85390,R06-B01-N03
85391,R06-B01-N03
85392,R06-B01-N03
85393,R06-B01-N03
85394,R06-B01-N03
85395,R06-B01-N03
85396,R06-B01-N03
85397,R06-B01-N03
85398,R06-B01-N03
85399,R06-B01-N03
85400,R06-B01-N04
85401,R06-B01-N04
85402,R06-B01-N04
85403,R06-B01-N04
85404,R06-B01-N04
85405,R13-B09-N03
85406,R13-B09-N03
85407,R13-B09-N03
85408,R13-B09-N03
85409,R13-B09-N03
85410,R12-B10-N03
85411,R12-B10-N03
85412,R12-B10-N03
85413,R12-B10-N03
85414,R12-B10-N03
85415,R12-B10-N03
85416,R12-B10-N03
85417,R12-B10-N03
85418,R17-B08-N02
85419,R17-B08-N02
85420,R17-B08-N02
85421,R17-B08-N02
85422,R12-B01-N05
85423,R12-B01-N05
85424,R12-B01-N05
85425,R12-B01-N05
85426,R12-B01-N05
85432,R14-B05-N05
85433,R14-B05-N05
85434,R14-B05-N05
85435,R14-B05-N05
85436,R14-B05-N05
85437,R08-B07-N01
85438,R08-B07-N01
85439,R08-B07-N01
85440,R08-B07-N01
85441,R08-B07-N01
85442,R08-B11-N05
85443,R08-B11-N05
85444,R08-B11-N05
85445,R08-B11-N05
85446,R08-B11-N05
85447,R08-B08-N04
85448,R08-B08-N04
85449,R08-B08-N04
85450,R08-B08-N04
85451,R08-B08-N04
85452,R08-B12-N03
85453,R08-B12-N03
85454,R08-B12-N03
85455,R08-B12-N03
85456,R08-B12-N03
85457,R08-B12-N03
85458,R08-B12-N03
85459,R08-B12-N03
85460,R08-B12-N03
85461,R08-B12-N03
85462,R08-B11-N02
85463,R08-B11-N02
85464,R08-B11-N02
85465,R08-B11-N02
85466,R08-B11-N02
85472,R17-B07-N03
85473,R17-B07-N03
85474,R17-B07-N03
85475,R17-B07-N03
85476,R17-B07-N03
85477,R17-B07-N03
85478,R17-B07-N03
85479,R17-B07-N03
85480,R17-B07-N03
85481,R17-B07-N03
85482,R03-B12-N05
85483,R03-B12-N05
85484,R03-B12-N05
85485,R03-B12-N05
85486,R03-B12-N05
85487,R03-B12-N05
85488,R03-B12-N05
85489,R03-B12-N05
85490,R03-B12-N05
85491,R03-B12-N05
85492,R03-B12-N05
85493,R03-B12-N05
85494,R03-B12-N05
85495,R03-B12-N05
85496,R03-B12-N05
85497,R06-B06-N05
85498,R06-B06-N05
85499,R06-B06-N05
85500,R06-B06-N05
85501,R06-B06-N05
85508,R11-B08-N05
85509,R11-B08-N05
85510,R11-B08-N05
85511,R11-B08-N05
85512,R11-B08-N05
85513,R24-B03-N03
85514,R24-B03-N03
85515,R24-B03-N03
85516,R24-B03-N03
85517,R24-B03-N03
85518,R17-B08-N03
85519,R17-B08-N03
85520,R17-B08-N03
85521,R17-B08-N03
85522,R17-B08-N03
85523,R09-B06-B02
85524,R09-B06-B02
85525,R09-B06-B02
85526,R09-B06-B02
85527,R03-B12-N5
85528,R03-B12-N5
85529,R03-B12-N5
85530,R03-B12-N5
85531,R03-B12-N5
85534,R13-B07-N04
85535,R13-B07-N04
85536,R13-B07-N04
85537,R13-B07-N04
85538,R13-B07-N04
85539,R19-B06-N02
85540,R19-B06-N02
85541,R19-B06-N02
85542,R19-B06-N02
85557,R06-B10-N05
85558,R06-B10-N05
85559,R06-B10-N05
85560,R06-B10-N05
85561,R06-B10-N05
85562,R08-B12-N05
85563,R08-B12-N05
85564,R08-B12-N05
85565,R08-B12-N05
85566,R08-B12-N05
85567,R17-B08-N02
85568,R17-B08-N02
85569,R17-B08-N02
85570,R17-B08-N02
85571,R17-B08-N02
85572,R17-B08-N02
85573,R17-B08-N02
85574,R17-B08-N02
85599,R13-B08-N05
85600,R13-B08-N05
85601,R13-B08-N05
85602,R13-B08-N05
85603,R13-B08-N05
85604,R13-B08-N05
85605,R13-B08-N05
85606,R13-B08-N05
85607,R13-B08-N05
85608,R13-B08-N05
85614,R14-B05-N05
85615,R14-B05-N05
85616,R14-B05-N05
85617,R14-B05-N05
85618,R14-B05-N05
85619,R13-B08-N03
85620,R13-B08-N03
85621,R13-B08-N03
85622,R13-B08-N03
85623,R13-B08-N03
85624,R17-B07-N02
85625,R17-B07-N02
85626,R17-B07-N02
85627,R17-B07-N02
85628,R17-B07-N02
85629,R13-B07-N02
85630,R13-B07-N02
85631,R13-B07-N02
85632,R13-B07-N02
85633,R13-B07-N02
85639,R17-B08-N04
85640,R17-B08-N04
85641,R17-B08-N04
85642,R17-B08-N04
85643,R17-B08-N04
85730,R13-B07-N03
85731,R13-B07-N03
85732,R13-B07-N03
85733,R13-B07-N03
85734,R13-B07-N03
85735,R13-B09-N05
85736,R13-B09-N05
85737,R13-B09-N05
85738,R13-B09-N05
85739,R13-B09-N05
85760,R06-B02-N02
85761,R06-B02-N02
85762,R06-B02-N02
85763,R06-B02-N02
85764,R06-B02-N02
85765,R08-B10-N05
85766,R08-B10-N05
85767,R08-B10-N05
85768,R08-B10-N05
85769,R08-B10-N05
85798,R06-B04-N05
85799,R06-B04-N05
85800,R06-B04-N05
85801,R06-B04-N05
85802,R06-B04-N05
85814,R06-B04-N05
85815,R06-B04-N05
85816,R06-B04-N05
85817,R06-B04-N05
85818,R06-B04-N05
85819,R06-B03-N05
85820,R06-B03-N05
85821,R06-B03-N05
85822,R06-B03-N05
85823,R06-B03-N05
85852,R08-B12-B04
85853,R08-B12-B04
85854,R08-B12-B04
85855,R08-B12-B04
85856,R08-B12-B04
85857,R12-B07-N05
85858,R12-B07-N05
85859,R12-B07-N05
85860,R12-B07-N05
85890,R13-B07-N03
85891,R13-B07-N03
85892,R13-B07-N03
85893,R13-B07-N03
85894,R13-B07-N03
85915,R13-B08-N03
85916,R13-B08-N03
85917,R13-B08-N03
85918,R13-B08-N03
85919,R13-B08-N03
85920,R13-B10-N02
85921,R13-B10-N02
85922,R13-B10-N02
85923,R13-B10-N02
85924,R13-B10-N02
85945,R06-B05-N05
85946,R06-B05-N05
85947,R06-B05-N05
85948,R06-B05-N05
85949,R06-B05-N05
85950,R12-B08-N05
85951,R12-B08-N05
85952,R12-B08-N05
85953,R12-B08-N05
85954,R12-B08-N05
85968,R13-B10-N04
85969,R13-B10-N04
85970,R13-B10-N04
85971,R13-B10-N04
85972,R13-B10-N04
85983,R06-B05-N05
85984,R06-B05-N05
85985,R06-B05-N05
85986,R06-B05-N05
85987,R06-B05-N05
85988,E13-B09-N02
85989,E13-B09-N02
85990,E13-B09-N02
85991,E13-B09-N02
85992,E13-B09-N02
86018,R14-B05-N04
86019,R14-B05-N04
86020,R14-B05-N04
86021,R14-B05-N04
86022,R14-B05-N04
86023,R06-B03-N05
86024,R06-B03-N05
86025,R06-B03-N05
86026,R06-B03-N05
86027,R06-B03-N05
86028,R06-B03-N05
86029,R06-B03-N05
86030,R06-B03-N05
86031,R06-B05-B05
86032,R06-B05-B05
86033,R06-B05-B05
86034,R06-B05-B05
86035,R06-B04-N05
86036,R06-B04-N05
86037,R06-B04-N05
86038,R06-B04-N05
86039,R06-B04-N05
86045,E13-B10-N05
86046,E13-B10-N05
86047,E13-B10-N05
86048,E13-B10-N05
86049,E13-B10-N05